cell_line	agent	EC50	GRinf	Hill
MCF10A	drugA	0.03229	-0.05776	1.188
MCF10A	drugB	1.41	-0.1359	1.057
MCF10A	drugC	0.9051	0.2077	2.672
MCF10A	drugD	0.06119	0.4408	1.866
MCF7	drugA	0.05589	0.1637	1.519
MCF7	drugB	0.283	-0.7886	1.469
MCF7	drugC	0.1124	-0.8776	2.991
MCF7	drugD	0.3882	0.5237	1.941
BT20	drugA	0.08807	0.011	1.075
BT20	drugB	0.03523	0.98	1.867
BT20	drugC	0.4979	-0.8014	1.14
BT20	drugD	0.02326	-0.03736	1.181
